{"type":"sprite","x":0,"y":0,"name":"","0":{"x":154,"y":-67.6,"name":"startBtn","type":"nbMovie","r":0,"sx":1,"sy":1,"a":1,"skewX":0,"skewY":0,"0":{"index":2,"0":{"x":-50,"y":-16,"w":100,"h":32,"name":"txt","type":"text","r":0,"txt":"开始吹气","a":"center","f":"20px 'Arial'","c":"#FFFFFF"},"1":{"type":"shape","path":[255,-13.4,65,2,13.4,65,20,65,20,56.75,3,20,56.75,2,20,-56.8,20,-65,13.4,-65,3,13.4,-65,2,-13.4,-65,-20,-65,-20,-56.8,3,-20,-56.8,2,-20,56.75,-20,65,-13.4,65,3,1,0,33]}},"1":{"index":2,"0":{"x":-50,"y":-16,"w":100,"h":32,"name":"txt2","type":"text","r":0,"txt":"停止吹气","a":"center","f":"20px 'Arial'","c":"#FFFFFF"},"1":{"type":"shape","path":[255,-13.4,65,2,13.4,65,20,65,20,56.75,3,20,56.75,2,20,-56.8,20,-65,13.4,-65,3,13.4,-65,2,-13.4,-65,-20,-65,-20,-56.8,3,-20,-56.8,2,-20,56.75,-20,65,-13.4,65,3,1,0,33]}}},"1":{"x":14.1,"y":-20,"name":"","type":"sprite","r":0,"sx":1,"sy":1,"a":0,"skewX":0,"skewY":0,"capacityVertex":[{"x":224.1,"y":-20},{"x":224.1,"y":40},{"x":14.1,"y":40},{"x":14.1,"y":-20}],"0":{"type":"shape","path":[255,0,210,2,60,210,2,60,0,2,0,0,2,0,210,2,0,210,1,1,4539717,1,32]}},"2":{"x":-71,"y":-53.1,"name":"human","type":"sprite","r":0,"sx":1,"sy":1,"a":0,"skewX":0,"skewY":0,"0":{"type":"bitmap","libName":"吹气.png","x":-138,"y":-126,"r":0,"sx":0.5999755859375,"sy":0.60003662109375,"skewX":0,"skewY":0}},"3":{"x":0,"y":0,"name":"","type":"sprite","r":0,"sx":1,"sy":1,"a":1,"skewX":0,"skewY":0,"0":{"type":"bitmap","libName":"尖嘴管.png","x":0,"y":0,"r":0,"sx":0.7079925537109375,"sy":0.909088134765625,"skewX":0,"skewY":0},"1":{"type":"shape","path":[255,-20,0,2,-20,20,2,40,20,2,40,0,2,-20,0,2,-20,0,1,0.00392156862745098,0,33]}}}