{"type":"sprite","x":0,"y":0,"name":"","0":{"x":3,"y":2,"name":"ani","type":"nbMovie","r":0,"sx":1,"sy":1,"a":1,"skewX":0,"skewY":0,"0":{"index":2,"0":{"x":-171,"y":-1,"name":"top0","type":"sprite","r":0,"sx":1,"sy":1,"a":1,"skewX":0,"skewY":0,"0":{"type":"bitmap","libName":"02@2x.png 复制","x":0,"y":0,"r":0,"sx":0.219970703125,"sy":0.219970703125,"skewX":0,"skewY":0}},"1":{"x":36,"y":40,"name":"bottom0","type":"sprite","r":0,"sx":1,"sy":1,"a":1,"skewX":0,"skewY":0,"0":{"type":"bitmap","libName":"026@2x.png","x":80,"y":185,"r":0,"sx":0.25,"sy":0.25,"skewX":0,"skewY":0},"1":{"type":"bitmap","libName":"024@2x.png","x":93.3,"y":129.8,"r":-0.03590367255201225,"sx":0.249969482421875,"sy":0.249969482421875,"skewX":-0.03584268616304944,"skewY":-0.03590367255201225},"2":{"type":"bitmap","libName":"023@2x.png","x":100,"y":59,"r":0,"sx":0.2499847412109375,"sy":0.219970703125,"skewX":0,"skewY":0},"3":{"type":"bitmap","libName":"021@2x.png","x":0,"y":0,"r":0,"sx":0.219970703125,"sy":0.219970703125,"skewX":0,"skewY":0},"4":{"type":"bitmap","libName":"022@2x.png","x":67.4,"y":8.4,"r":-0.034898062924398336,"sx":0.2199859619140625,"sy":0.2199859619140625,"skewX":-0.034898062924398336,"skewY":-0.034898062924398336}}},"1":{"index":1,"0":{"x":-171,"y":13,"name":"top1","type":"sprite","r":0,"sx":1,"sy":1,"a":1,"skewX":0,"skewY":0,"0":{"type":"bitmap","libName":"01@2x.png","x":0,"y":0,"r":0,"sx":0.219970703125,"sy":0.219970703125,"skewX":0,"skewY":0}}}},"1":{"x":-156.35,"y":-61,"name":"bg","type":"sprite","r":0,"sx":3.9889373779296875,"sy":2.3069915771484375,"a":0,"skewX":0,"skewY":0}}