{"type":"sprite","x":0,"y":0,"name":"","0":{"x":3,"y":2,"name":"ani","type":"nbMovie","r":0,"sx":1,"sy":1,"a":1,"skewX":0,"skewY":0,"0":{"index":2,"0":{"x":-139,"y":-123,"name":"top0","type":"sprite","r":0,"sx":1,"sy":1,"a":1,"skewX":0,"skewY":0,"0":{"type":"bitmap","libName":"011@2x.png","x":0,"y":0,"r":0,"sx":0.28997802734375,"sy":0.28997802734375,"skewX":0,"skewY":0},"1":{"type":"bitmap","libName":"0111@2x.png","x":119,"y":157,"r":0,"sx":0.28997802734375,"sy":0.28997802734375,"skewX":0,"skewY":0}},"1":{"x":-110,"y":34,"name":"bottom0","type":"sprite","r":0,"sx":1,"sy":1,"a":1,"skewX":0,"skewY":0,"0":{"type":"bitmap","libName":"01@2x.png 复制","x":0,"y":0,"r":0,"sx":0.28997802734375,"sy":0.28997802734375,"skewX":0,"skewY":0}}},"1":{"index":2,"0":{"x":-139,"y":-123,"name":"top1","type":"sprite","r":0,"sx":1,"sy":1,"a":1,"skewX":0,"skewY":0,"0":{"type":"bitmap","libName":"0225@2x.png","x":151,"y":300,"r":0,"sx":0.28997802734375,"sy":0.28997802734375,"skewX":0,"skewY":0},"1":{"type":"bitmap","libName":"0224@2x.png","x":142,"y":265,"r":0,"sx":0.28997802734375,"sy":0.28997802734375,"skewX":0,"skewY":0},"2":{"type":"bitmap","libName":"0223@2x.png","x":140,"y":229,"r":0,"sx":0.28997802734375,"sy":0.28997802734375,"skewX":0,"skewY":0},"3":{"type":"bitmap","libName":"0222@2x.png","x":143,"y":187,"r":0,"sx":0.28997802734375,"sy":0.28997802734375,"skewX":0,"skewY":0},"4":{"type":"bitmap","libName":"022@2x.png 复制","x":0,"y":0,"r":0,"sx":0.28997802734375,"sy":0.28997802734375,"skewX":0,"skewY":0},"5":{"type":"bitmap","libName":"0221@2x.png","x":116,"y":154,"r":0,"sx":0.28997802734375,"sy":0.28997802734375,"skewX":0,"skewY":0}},"1":{"x":-110,"y":36,"name":"bottom1","type":"sprite","r":0,"sx":1,"sy":1,"a":1,"skewX":0,"skewY":0,"0":{"type":"bitmap","libName":"02@2x.png 复制 2","x":0,"y":0,"r":0,"sx":0.28997802734375,"sy":0.28997802734375,"skewX":0,"skewY":0}}}},"1":{"x":-156.35,"y":-61,"name":"bg","type":"sprite","r":0,"sx":3.9889373779296875,"sy":2.3069915771484375,"a":0,"skewX":0,"skewY":0}}