{"type":"sprite","x":0,"y":0,"name":"","0":{"type":"bitmap","libName":"eed88c27.png","x":260.2,"y":0,"r":0,"sx":1.000762939453125,"sy":1,"skewX":0,"skewY":3.141592653589793}}